{
  "num_districts": 7,
  "total_population": 3915229,
  "dem_seats": 2,
  "rep_seats": 5,
  "districts": {
    "6": {
      "population": 551155,
      "votes_dem": 103864,
      "votes_rep": 240386,
      "winner": "R",
      "dem_share": 0.30171096586782864
    },
    "1": {
      "population": 557827,
      "votes_dem": 73543,
      "votes_rep": 256144,
      "winner": "R",
      "dem_share": 0.22306915346980621
    },
    "2": {
      "population": 558430,
      "votes_dem": 155137,
      "votes_rep": 132641,
      "winner": "D",
      "dem_share": 0.5390856841037188
    },
    "4": {
      "population": 553646,
      "votes_dem": 53355,
      "votes_rep": 265932,
      "winner": "R",
      "dem_share": 0.16710670963741087
    },
    "3": {
      "population": 564799,
      "votes_dem": 82882,
      "votes_rep": 230190,
      "winner": "R",
      "dem_share": 0.26473782388715694
    },
    "7": {
      "population": 568514,
      "votes_dem": 181138,
      "votes_rep": 111224,
      "winner": "D",
      "dem_share": 0.6195675224550387
    },
    "5": {
      "population": 560858,
      "votes_dem": 122416,
      "votes_rep": 225075,
      "winner": "R",
      "dem_share": 0.35228538293078093
    }
  }
}